id,time,today,yesterday,total
-NZRIsscOZ8BlWvMjwk2,2023-07-03T16:12:01,0.415,0.625,417.82602
-NZRbnxrCrvrV9LD0hz4,2023-07-03T17:39:01,0.47,0.625,417.87997
-NZRvRwlz3w-YxZqH1De,2023-07-03T19:04:52,0.512,0.625,417.922
-NZS1JP7hxxVwseaKqFB,2023-07-03T19:34:52,0.524,0.625,417.93402
-NZS8ArQTFZ809l5P3Cc,2023-07-03T20:04:52,0.535,0.625,417.94601
-NZSF2JliKqmZRA8X8zq,2023-07-03T20:34:52,0.547,0.625,417.95801
-NZSLumkIqRtARtkcKyV,2023-07-03T21:04:52,0.559,0.625,417.97098
-NZSSmEeMSP5T4RriYVt,2023-07-03T21:34:52,0.572,0.625,417.983
-NZSZdg_HnxORsCF0tpN,2023-07-03T22:04:52,0.585,0.625,417.99597
-NZSfW8zhdLKZ3aiapcx,2023-07-03T22:34:52,0.596,0.625,418.00696
-NZSmNbMtPXu513eJRiO,2023-07-03T23:04:52,0.607,0.625,418.01898
-NZStF3g3Tb_5VGIO9FH,2023-07-03T23:34:52,0.62,0.625,418.03098
-NZT-6Yc3RIqhELRj_CI,2023-07-04T00:04:52,0.002,0.629,418.04199
-NZT5yz0UnLYHAqotVXa,2023-07-04T00:34:52,0.013,0.629,418.05298
-NZTCqRVxH8izHTPXCXN,2023-07-04T01:04:52,0.025,0.629,418.064
-NZTJhtXt2rQD7xAADGL,2023-07-04T01:34:52,0.036,0.629,418.07599
-NZTQ_M70p0UNS-J6Qpl,2023-07-04T02:04:52,0.047,0.629,418.08698
-NZTXRoBZW2lJ6molRjY,2023-07-04T02:34:52,0.058,0.629,418.099
-NZTdJGb0Y1wPdb23wPc,2023-07-04T03:04:52,0.071,0.629,418.11099
-NZTkAibS05ahoGTkV59,2023-07-04T03:34:52,0.083,0.629,418.12302
-NZTr2AyBFbIGBYkgi1e,2023-07-04T04:04:52,0.094,0.629,418.134
-NZTxudAdf8F0vrcKbdG,2023-07-04T04:34:52,0.106,0.629,418.14597
-NZU3m5UD1iuTVRs56pe,2023-07-04T05:04:52,0.117,0.629,418.15698
-NZUAdZLoMnkoAhK8iS_,2023-07-04T05:34:52,0.129,0.629,418.16898
-NZUHW01LpOlcrG2XYTf,2023-07-04T06:04:52,0.141,0.629,418.17999
-NZUONTVVsOEsC8XpFBN,2023-07-04T06:34:52,0.153,0.629,418.19199
-NZUVEvXE3ZSI4jXge1G,2023-07-04T07:04:52,0.164,0.629,418.203
-NZUb6OMqLoZTQ4nwf8-,2023-07-04T07:34:52,0.175,0.629,418.21399
-NZUhyqMOaAzW_AxK54V,2023-07-04T08:04:52,0.187,0.629,418.22498
-NZUoqJ4aIE2AZiSsIjd,2023-07-04T08:34:52,0.2,0.629,418.23898
-NZUvhlAh6O4QZdCflVE,2023-07-04T09:04:52,0.211,0.629,418.25098
-NZV1_FQ1UYfBWhxtNMZ,2023-07-04T09:34:52,0.223,0.629,418.26199
-NZV8RfZwunwgG6mrAcd,2023-07-04T10:04:52,0.236,0.629,418.27399
-NZVFJ7mQzROLqug1ncZ,2023-07-04T10:34:52,0.287,0.629,418.32703
-NZVMAagM1g01QqAxkSv,2023-07-04T11:04:52,0.344,0.629,418.384
-NZVT22oxxBngN0eI2aS,2023-07-04T11:34:52,0.399,0.629,418.44
-NZVZuW3jtLXUvRewfIX,2023-07-04T12:04:52,0.454,0.629,418.495
-NZVflz_n9t7elbhGsOP,2023-07-04T12:34:52,0.508,0.629,418.548
-NZVnKoY5rRvbtHBqoWb,2023-07-04T13:07:55,0.565,0.629,418.60501
-NZVuCGlD9WMh9bg6SUk,2023-07-04T13:37:55,0.617,0.629,418.65698
-NZW03ixegD8hLxJqiv4,2023-07-04T14:07:55,0.667,0.629,418.70798
-NZW6wF7A69tJ0z4xR25,2023-07-04T14:37:55,0.718,0.629,418.758
-NZWDndfc2KWd0dBMuno,2023-07-04T15:07:55,0.768,0.629,418.80701
-NZWKf5q36tfwtnQHKAf,2023-07-04T15:37:55,0.788,0.629,418.828
-NZWRXYvdeC1B7Hd-8WQ,2023-07-04T16:07:55,0.811,0.629,418.85098
-NZWYP0RLn5qxZ-cUF9_,2023-07-04T16:37:55,0.826,0.629,418.867
-NZWeGTiTPwK1BbOZ3xP,2023-07-04T17:07:55,0.842,0.629,418.88199
-NZWl7x_T9pxJDoXAZCq,2023-07-04T17:37:55,0.856,0.629,418.89499
-NZWs-OLWvmGEvcayv3h,2023-07-04T18:07:55,0.867,0.629,418.90695
-NZWyrqTp2Q0_ry1DlZc,2023-07-04T18:37:55,0.879,0.629,418.91898
-NZX4jIooaXTy5k-6vXw,2023-07-04T19:07:55,0.892,0.629,418.93204
-NZXBalFWzIwCsPStxiO,2023-07-04T19:37:55,0.904,0.629,418.94302
-NZXITDQC2_9kcznhuIY,2023-07-04T20:07:55,0.916,0.629,418.95502
-NZXPKfoPOIllsCwBLYN,2023-07-04T20:37:55,0.927,0.629,418.96603
-NZXWC90hKIZbGCj3i-K,2023-07-04T21:07:55,0.938,0.629,418.978
-NZXc3aGrjJiSsTcricL,2023-07-04T21:37:55,0.95,0.629,418.98999
-NZXiw2c46k66Wz9k6yw,2023-07-04T22:07:55,0.961,0.629,419.00195
-NZXpnVlD3GGOwagnGgI,2023-07-04T22:37:55,0.973,0.629,419.01297
-NZXwey3c7BF5NFW7wGG,2023-07-04T23:07:55,0.984,0.629,419.02402
-NZY2XQZPElz6eom8JzB,2023-07-04T23:37:55,0.996,0.629,419.035
-NZY9OsyS_LsVVh8cmMD,2023-07-05T00:07:55,0.004,1.004,419.04703
-NZYGGL8uu8Z8DCWwRnP,2023-07-05T00:37:55,0.015,1.004,419.06003
-NZYN7nwxNTG1W313v4h,2023-07-05T01:07:55,0.026,1.004,419.07101
-NZYU-FpWYO_jgVHa5eI,2023-07-05T01:37:56,0.038,1.004,419.082
-NZY_rjM6vJdov1lWVPy,2023-07-05T02:07:56,0.049,1.004,419.09402
-NZYgj9o1Bh0NgVR__vs,2023-07-05T02:37:56,0.061,1.004,419.10501
-NZYnac48HWQXfqnhGRI,2023-07-05T03:07:56,0.072,1.004,419.116
-NZYuT4UtPE8nK36237v,2023-07-05T03:37:56,0.084,1.004,419.12799
-NZZ0KXfwbbcOgdxnqTd,2023-07-05T04:07:56,0.096,1.004,419.13998
-NZZ7Bzn2IxgjSRdUHJr,2023-07-05T04:37:56,0.107,1.004,419.15097
-NZZE3ShlMKwAYKrSSzi,2023-07-05T05:07:56,0.118,1.004,419.16299
-NZZKvueg2DHGGXsADr-,2023-07-05T05:37:56,0.132,1.004,419.17599
-NZZRnMgI39p1Rl5fm0x,2023-07-05T06:07:56,0.144,1.004,419.18802
-NZZYep7nARvGAL_yQKY,2023-07-05T06:37:56,0.155,1.004,419.20001
-NZZeXHq0TMFqEIMKqVF,2023-07-05T07:07:56,0.166,1.004,419.211
-NZZlOjwB8Bk5ZwHyCkE,2023-07-05T07:37:56,0.178,1.004,419.22198
-NZZsGCFHLwtDOlVW0BH,2023-07-05T08:07:56,0.189,1.004,419.23398
-NZZz7f3PC4p7eSskag4,2023-07-05T08:37:56,0.202,1.004,419.246
-NZ_5-71lZg9Vc2Zi8ro,2023-07-05T09:07:56,0.213,1.004,419.25699
-NZ_Br_94-P72FWvVH_5,2023-07-05T09:37:56,0.225,1.004,419.26999
-NZ_Ij3BY_JFdcsum-vH,2023-07-05T10:07:56,0.236,1.004,419.28101
-NZ_PaV-7XMmfBG3cZEw,2023-07-05T10:37:56,0.247,1.004,419.29199
-NZ_WSws9eEWUSI5H7Ia,2023-07-05T11:07:56,0.262,1.004,419.30597
-NZ_cKPRFE5HRZf8KdDr,2023-07-05T11:37:56,0.274,1.004,419.31799
-NZ_jBrsTZyRexzLWPf6,2023-07-05T12:07:56,0.286,1.004,419.32999
-NZ_q3JpysBvQZa0fmTm,2023-07-05T12:37:56,0.298,1.004,419.34198
-NZ_wvw6JzI44dhS4Jrh,2023-07-05T13:07:56,0.309,1.004,419.35297
-NZa2nFma9bBKScCPMZK,2023-07-05T13:37:56,0.32,1.004,419.36398
-NZa9eia0DT8XeeECV0V,2023-07-05T14:07:56,0.333,1.004,419.37701
-NZaGXAOyc1Ctj6ZW2bi,2023-07-05T14:37:56,0.363,1.004,419.40796
-NZaNOctCQF8mM6V0oBe,2023-07-05T15:07:56,0.408,1.004,419.45096
-NZaUG5PtcOWYdDYTucN,2023-07-05T15:37:56,0.422,1.004,419.46802
-NZaa7YKRMM5q2vZtpeJ,2023-07-05T16:07:56,0.437,1.004,419.483
-NZah--_LwFw37xll5Ce,2023-07-05T16:37:56,0.454,1.004,419.49902
-NZanrTB2DWFvBasDkvU,2023-07-05T17:07:56,0.47,1.004,419.51398
-NZauiwNtRPPpcJNM_ck,2023-07-05T17:37:56,0.494,1.004,419.53702
-NZb0aNrMLfF-MSFbdqv,2023-07-05T18:07:56,0.508,1.004,419.55298
-NZb7SqLEg9aiSiMuWd7,2023-07-05T18:37:56,0.52,1.004,419.56396
-NZbEKI5qCuAPanESmm2,2023-07-05T19:07:56,0.531,1.004,419.57599
-NZbLBkjR94mkpMDVP3k,2023-07-05T19:37:56,0.544,1.004,419.58798
-NZbS3CuRMEVLASQjJjy,2023-07-05T20:07:56,0.555,1.004,419.599
-NZbYvfKvlk9HfMIo-ji,2023-07-05T20:37:56,0.566,1.004,419.61002
-NZben7bqkBA9MHE-L6G,2023-07-05T21:07:56,0.578,1.004,419.62198
-NZble_zg77rB3EkmnGf,2023-07-05T21:37:56,0.589,1.004,419.634
-NZbsX1kOjk_-OmAg2py,2023-07-05T22:07:56,0.602,1.004,419.646
-NZbzOV70dQH4GDdbXBH,2023-07-05T22:37:56,0.615,1.004,419.65897
-NZc5FzIb_6yV89wsmKw,2023-07-05T23:07:56,0.627,1.004,419.66998
-NZcC7QR0BiPM28-Ynw2,2023-07-05T23:37:56,0.639,1.004,419.681
-NZcIzsB7-zIGxChyw7t,2023-07-06T00:07:56,0.003,0.647,419.694
-NZcPrKChsPXUW3JHj0O,2023-07-06T00:37:56,0.014,0.647,419.70599
-NZcWim_3USZzzZU3dJW,2023-07-06T01:07:55,0.026,0.647,419.71701
-NZccaEv1q-2oZVjKvsB,2023-07-06T01:37:56,0.037,0.647,419.729
-NZcjShoX-KKGaYw9D9O,2023-07-06T02:07:56,0.049,0.647,419.73999
-NZcqK9bFn0JiRRIqcFQ,2023-07-06T02:37:56,0.061,0.647,419.75101
-NZcxBbywXWEXzd2ST7P,2023-07-06T03:07:56,0.073,0.647,419.763
-NZd333cJ-HzdQ10ZKIv,2023-07-06T03:37:56,0.085,0.647,419.77502
-NZd9vWt9PHTTea4ku6V,2023-07-06T04:07:56,0.096,0.647,419.78699
-NZdGn-Bl9XV-eiYQdWa,2023-07-06T04:37:56,0.107,0.647,419.798
-NZdNeUU0_dnbHaSczvX,2023-07-06T05:07:56,0.12,0.647,419.81
-NZdUWvQzzkHkWRSEaZl,2023-07-06T05:37:56,0.131,0.647,419.82199
-NZdaOMKqHS174HEVgcD,2023-07-06T06:07:56,0.142,0.647,419.83398
-NZdhFobXJwfbi2NnXFX,2023-07-06T06:37:56,0.154,0.647,419.845
-NZdo7H34NhtZtRijXpg,2023-07-06T07:07:56,0.166,0.647,419.85599
-NZduzjrT30xCVeZQaxy,2023-07-06T07:37:56,0.177,0.647,419.86798
-NZe0rBibeGFBGoLtUFv,2023-07-06T08:07:56,0.189,0.647,419.879
-NZe7idz-XXSYaFZn_Op,2023-07-06T08:37:56,0.201,0.647,419.89001
-NZeEa5t77kdKmD_jDNi,2023-07-06T09:07:56,0.214,0.647,419.90399
-NZeLSZCW3Hwmkjtiumq,2023-07-06T09:37:56,0.226,0.647,419.91699
-NZeSK3k8-KhPyE26_OZ,2023-07-06T10:07:56,0.238,0.647,419.92798
-NZeZBUFJv_meFyzJE70,2023-07-06T10:37:56,0.249,0.647,419.939
-NZef2w205epjRiRS3vd,2023-07-06T11:07:56,0.261,0.647,419.95099
-NZelvOGOwlIee7FreqP,2023-07-06T11:37:56,0.272,0.647,419.96201
-NZesmr4yKKDN7_iG6S3,2023-07-06T12:07:56,0.284,0.647,419.97403
-NZezeJhIbbchlAYumHk,2023-07-06T12:37:56,0.295,0.647,419.98602
-NZf5WlNRyEJph1latOa,2023-07-06T13:07:56,0.306,0.647,419.99701
-NZfCODXyFRg6yCz6flf,2023-07-06T13:37:56,0.317,0.647,420.008
-NZfJFftNyWC-nd-85_m,2023-07-06T14:07:56,0.33,0.647,420.01898
-NZfQ7819-2MFf_-n8vZ,2023-07-06T14:37:56,0.345,0.647,420.03497
-NZfWzaSR0WJc25cU7a-,2023-07-06T15:07:56,0.359,0.647,420.05099
-NZfcr2roshFim_HMOuj,2023-07-06T15:37:56,0.375,0.647,420.06598
-NZfjiW_vpjI_H0p6gUN,2023-07-06T16:07:56,0.39,0.647,420.082
-NZfq_yVotRpBoudGN5A,2023-07-06T16:37:56,0.406,0.647,420.09601
-NZfxSQrRt9Jn3vNG0Pi,2023-07-06T17:07:56,0.434,0.647,420.12399
-NZg3Jslwbl3OmKTZkar,2023-07-06T17:37:56,0.446,0.647,420.13699
-NZgABLJPxPVflIgqKWT,2023-07-06T18:07:56,0.458,0.647,420.14899
-NZgH2nd08RSVbusrIRS,2023-07-06T18:37:56,0.469,0.647,420.16098
-NZgNvFbAVqbsb-bo2t0,2023-07-06T19:07:56,0.481,0.647,420.17203
-NZgUmiZDJUz9ovhJg--,2023-07-06T19:37:56,0.494,0.647,420.18304
-NZgaeAGVtiJkNziORRq,2023-07-06T20:07:56,0.505,0.647,420.19504
-NZghWc_-A8c6APx8QiZ,2023-07-06T20:37:57,0.516,0.647,420.20703
-NZgoO99QPF0XzH-yiC-,2023-07-06T21:07:57,0.528,0.647,420.21802
-NZgvFYZzVStAWOjalr7,2023-07-06T21:37:57,0.539,0.647,420.22903
-NZh17-eV9-3AHYpMOIN,2023-07-06T22:07:57,0.55,0.647,420.241
-NZh7zTUDYm5XYz4tJ-L,2023-07-06T22:37:57,0.562,0.647,420.25198
-NZhEqut_9BNEl109YRq,2023-07-06T23:07:57,0.574,0.647,420.26395
-NZhLiNAi8uFIwQxSDId,2023-07-06T23:37:57,0.585,0.647,420.27704
-NZhS_pdQytYZ1brKRu-,2023-07-07T00:07:57,0.003,0.594,420.28903
-NZhZSIcym_RhJHXwENe,2023-07-07T00:37:57,0.015,0.594,420.30002
-NZhfJkcyb34gzPB_437,2023-07-07T01:07:57,0.026,0.594,420.31201
-NZhmBD2QPDY0TfpcJsV,2023-07-07T01:37:57,0.037,0.594,420.32303
-NZht2eTPhROamduKH7n,2023-07-07T02:07:57,0.049,0.594,420.33401
-NZhzv6gmKqBNcyCOD8M,2023-07-07T02:37:57,0.062,0.594,420.34698
-NZi5m_BTrOR-RXSpAl7,2023-07-07T03:07:57,0.073,0.594,420.35797
-NZiCe1xiAIXifrcfsCA,2023-07-07T03:37:57,0.084,0.594,420.36899
-NZiJWUWIgvILDOvb9xk,2023-07-07T04:07:57,0.096,0.594,420.38101
-NZiQNx3JaqinXrUMVfq,2023-07-07T04:37:57,0.107,0.594,420.39301
-NZiXFP68PJpX6iom2p3,2023-07-07T05:07:57,0.119,0.594,420.40402
-NZid6rm3aJWgazTaT13,2023-07-07T05:37:57,0.131,0.594,420.41702
-NZijzJsPJaqbSrHHXRZ,2023-07-07T06:07:57,0.144,0.594,420.42801
-NZiqqlnYHLVgnvbLawR,2023-07-07T06:37:57,0.155,0.594,420.44
-NZixiE2vzaDZ0dsRnUg,2023-07-07T07:07:57,0.166,0.594,420.45102
-NZj3_gS7VHAHXljXjRU,2023-07-07T07:37:57,0.177,0.594,420.46201
-NZjAS8xxraIeJPl1XDS,2023-07-07T08:07:57,0.189,0.594,420.47299
-NZjHJbVy0StleuCt8ZE,2023-07-07T08:37:57,0.201,0.594,420.487
-NZjOBJaypmY_kzs2M5c,2023-07-07T09:07:57,0.212,0.594,420.49802
-NZjV2Wm6go3EKU1KVFF,2023-07-07T09:37:57,0.223,0.594,420.509
-NZjauzP_ZcMFDCSBtwX,2023-07-07T10:07:57,0.235,0.594,420.521
-NZjhmRJ1_vVhX-QWrxM,2023-07-07T10:37:57,0.266,0.594,420.55099
-NZjoduAmJhizfaltSrx,2023-07-07T11:07:57,0.283,0.594,420.56699
-NZjvWLnHc9bGWirJcmn,2023-07-07T11:37:57,0.299,0.594,420.58301
-NZk1NoLpKh6oq9WU7GT,2023-07-07T12:07:57,0.314,0.594,420.599
-NZk8FGp2fQN5uvLlz7t,2023-07-07T12:37:57,0.336,0.594,420.62097
-NZkFBoQfYeXau-f-I1m,2023-07-07T13:07:57,0.417,0.594,420.702
-NZkM-HyEvMHWJNHJznP,2023-07-07T13:38:03,0.436,0.594,420.72202
-NZkSrhysyR1z2PI6hQ2,2023-07-07T14:08:03,0.483,0.594,420.76898
-NZkZjAz-53uaGt7blDg,2023-07-07T14:38:00,0.527,0.594,420.81302
-NZkfacB8vc1xDxXDXDT,2023-07-07T15:08:03,0.538,0.594,420.82401
-NZkmT56dfj1jY0yDEdq,2023-07-07T15:38:03,0.554,0.594,420.83902
-NZktKY1o2R_YCsBvKbD,2023-07-07T16:08:03,0.571,0.594,420.85602
-NZl-C-KhFCIS5iCNuS3,2023-07-07T16:38:03,0.583,0.594,420.86801
-NZl63V3O18UXB2OE78t,2023-07-07T17:08:03,0.598,0.594,420.88303
-NZlCxIIh7bw3pFeSVjd,2023-07-07T17:38:00,0.612,0.594,420.896
-NZlJnNAVMo3SsmE2Woa,2023-07-07T18:08:03,0.623,0.594,420.909
-NZlQepSAoKXoIfgQx5Y,2023-07-07T18:38:03,0.634,0.594,420.92001
-NZlXYLSIY6mCTxBdOWL,2023-07-07T19:08:00,0.646,0.594,420.931
-NZldOkoxr_e2aSpjYeg,2023-07-07T19:38:03,0.659,0.594,420.94299
-NZlkGCJKc7jUzcg_-n3,2023-07-07T20:08:03,0.67,0.594,420.95502
-NZlr7f5TS8kYSTsiLAk,2023-07-07T20:38:03,0.681,0.594,420.96704
-NZly-76pe5ccBzkaG3n,2023-07-07T21:08:03,0.692,0.594,420.97803
-NZm3r_Em71eltXDahTR,2023-07-07T21:38:03,0.705,0.594,420.991
-NZmAj1N1svIwe-AAWu6,2023-07-07T22:08:03,0.718,0.594,421.00403
-NZmHaUq9Dz3SLroX4Nn,2023-07-07T22:38:03,0.73,0.594,421.01501
-NZmOSx3Z3zzRW3j9R_t,2023-07-07T23:08:03,0.742,0.594,421.02701
-NZmVKPJuJf8MY3ImqAH,2023-07-07T23:38:03,0.753,0.594,421.039
-NZmbBreWPMJBKKawjBY,2023-07-08T00:08:03,0.003,0.761,421.05005
-NZmi3K1tGz-ZRv2eNYt,2023-07-08T00:38:03,0.014,0.761,421.06104
-NZmovmBPcxs0lBy1StE,2023-07-08T01:08:03,0.026,0.761,421.073
-NZmvnEncyWICNdR0FAW,2023-07-08T01:38:03,0.037,0.761,421.08401
-NZn1egYn3r7wD9un1I-,2023-07-08T02:08:03,0.049,0.761,421.09598
-NZn8X94dD1mflkLFYT6,2023-07-08T02:38:03,0.06,0.761,421.10699
-NZnFObKPgR-YVSLkM0c,2023-07-08T03:08:03,0.073,0.761,421.11899
-NZnMG3k3TK4fTE2Su4o,2023-07-08T03:38:03,0.084,0.761,421.13098
-NZnT7WkMkDc87LqpRsN,2023-07-08T04:08:03,0.095,0.761,421.142
-NZnZzzNKrlAY-uVnsuc,2023-07-08T04:38:03,0.107,0.761,421.15302
-NZnfrScKN0-aqSOTkJZ,2023-07-08T05:08:03,0.119,0.761,421.16602
-NZnmitkBxjbGDwQq3ND,2023-07-08T05:38:03,0.13,0.761,421.17703
-NZntaLwlC1ONjrfCLRM,2023-07-08T06:08:03,0.141,0.761,421.18802
-NZo-Sq6c7TE5zaZoYru,2023-07-08T06:38:03,0.153,0.761,421.20001
-NZo6KGd4Q7WozaTEvcu,2023-07-08T07:08:03,0.165,0.761,421.21201
-NZoDBits6wKFZEZQhzX,2023-07-08T07:38:03,0.176,0.761,421.22302
-NZoK3BLHhWoHHBZ0VPs,2023-07-08T08:08:03,0.189,0.761,421.23599
-NZoQvdUpYc_r6X2hbjo,2023-07-08T08:38:03,0.201,0.761,421.24799
-NZoXn7sHLMnQeLigZ8t,2023-07-08T09:08:03,0.212,0.761,421.259
-NZodeZKm91n85sdqRGX,2023-07-08T09:38:03,0.223,0.761,421.27002
-NZokX0vE29OgmqXIpuj,2023-07-08T10:08:03,0.234,0.761,421.28101
-NZorOTU1UqG04tLVBMI,2023-07-08T10:38:03,0.246,0.761,421.29401
-NZoyFwkLAAdG6TkheBq,2023-07-08T11:08:03,0.258,0.761,421.30499
-NZp47OBZAizUgnHNWu3,2023-07-08T11:38:03,0.269,0.761,421.31601
-NZpAzqwXubiCSBvnTLg,2023-07-08T12:08:03,0.28,0.761,421.32703
-NZpHrJE2DBCUs7BHaWx,2023-07-08T12:38:03,0.293,0.761,421.33902
-NZpOikzdzvS46ue-DkV,2023-07-08T13:08:03,0.304,0.761,421.35104
-NZpVaDNu3X-tln0lMl4,2023-07-08T13:38:03,0.317,0.761,421.36401
-NZpbSfjw-R_0fkRickF,2023-07-08T14:08:03,0.329,0.761,421.37601
-NZpiM16KpQ1PCncQYbP,2023-07-08T14:38:03,0.34,0.761,421.38699
-NZppBl2xi7taG9jef3R,2023-07-08T15:08:03,0.351,0.761,421.39801
-NZpw3FE4xe9sc8ZE6xG,2023-07-08T15:38:03,0.363,0.761,421.41
-NZq1vg_beV1th7G2jBR,2023-07-08T16:08:03,0.374,0.761,421.42099
-NZq8n7m7tLV_GL2XeTP,2023-07-08T16:38:03,0.385,0.761,421.43301
-NZqFeakeqZwZkBk6Ygl,2023-07-08T17:08:03,0.397,0.761,421.444
-NZqMX2BvomHy2cVaWSJ,2023-07-08T17:38:03,0.409,0.761,421.45602
-NZqTOVcC5OeT6elqwaa,2023-07-08T18:08:03,0.421,0.761,421.46802
-NZq_Fxtjuymkun9wLHU,2023-07-08T18:38:03,0.432,0.761,421.479
-NZqg7Q7ObTrx_e_U0NM,2023-07-08T19:08:03,0.445,0.761,421.492
-NZqmzsndOgMli1K3v69,2023-07-08T19:38:03,0.456,0.761,421.50299
-NZqtrKjiTaL1whY-nmo,2023-07-08T20:08:03,0.468,0.761,421.51498
-NZr-imqlFh51UxZ1Gge,2023-07-08T20:38:03,0.48,0.761,421.52597
-NZr6aFDzpdoaaCsEsgJ,2023-07-08T21:08:03,0.492,0.761,421.539
-NZrDShb5pgDGLl2206N,2023-07-08T21:38:03,0.503,0.761,421.55002
-NZrKKA4FNz1EoFrxYBi,2023-07-08T22:08:03,0.514,0.761,421.561
-NZrRBcicbqXD7PoEZG6,2023-07-08T22:38:03,0.526,0.761,421.57202
-NZrY34BYfZcjSeBWcJx,2023-07-08T23:08:03,0.537,0.761,421.58502
-NZrdvXaMQGpfFhIhIXs,2023-07-08T23:38:03,0.549,0.761,421.59601
-NZrkn1-VIlL9TH_Ejx4,2023-07-09T00:08:03,0.003,0.558,421.60699
-NZrreS0O4-n3oQpE1x3,2023-07-09T00:38:03,0.014,0.558,421.61902
-NZryWuUJv5s4pARcCO8,2023-07-09T01:08:03,0.026,0.558,421.63004
-NZs4OMkkW4Tng7zsKk4,2023-07-09T01:38:03,0.037,0.558,421.64102
-NZsBFovD9WkSpQsWNVQ,2023-07-09T02:08:03,0.048,0.558,421.65399
-NZsI7HFOCNv4aGPEWrU,2023-07-09T02:38:03,0.06,0.558,421.66501
-NZsOzjmUIf7Kc-sGP4S,2023-07-09T03:08:03,0.072,0.558,421.67599
-NZsVrBlIclumrDuPUtf,2023-07-09T03:38:03,0.083,0.558,421.68698
-NZsbie5b5sHtJk9gRWM,2023-07-09T04:08:03,0.094,0.558,421.69901
-NZsia6NPjr62dBneZxb,2023-07-09T04:38:04,0.105,0.558,421.71002
-NZspSZib_CTppO5s6Kb,2023-07-09T05:08:04,0.118,0.558,421.72302
-NZswK0pwD3smlLOPoLf,2023-07-09T05:38:03,0.13,0.558,421.73502
-NZt2BW-3n8IFevW2_3d,2023-07-09T06:08:03,0.141,0.558,421.746
-NZt92yGFe7-G5iurkfY,2023-07-09T06:38:04,0.153,0.558,421.75702
-NZtFvP0LouLxo5V8rW8,2023-07-09T07:08:04,0.164,0.558,421.76801
-NZtMmr32P7H0L4JXIC4,2023-07-09T07:38:04,0.176,0.558,421.77997
-NZtTeJsiaBP44_3J4zu,2023-07-09T08:08:04,0.188,0.558,421.79202
-NZt_Wm5JvWpnX4ajrw5,2023-07-09T08:38:04,0.2,0.558,421.80301
-NZtgOEM7SBLCZrppNqi,2023-07-09T09:08:04,0.211,0.558,421.815
-NZtnFgTxe_fjVKuqAy1,2023-07-09T09:38:04,0.222,0.558,421.82599
-NZtu78knoO0o9CDpuHw,2023-07-09T10:08:04,0.234,0.558,421.83701
-NZu-zbGC4ZV5O_GHRw8,2023-07-09T10:38:04,0.245,0.558,421.849
-NZu6r3Q50Fbl0h106Ii,2023-07-09T11:08:04,0.257,0.558,421.86099
-NZuDiWY1Tny6m1IkrGW,2023-07-09T11:38:04,0.269,0.558,421.87201
-NZuK_zFt_CEB2wJ44n6,2023-07-09T12:08:04,0.28,0.558,421.88403
-NZuRSR7duZ3JhpcnVuG,2023-07-09T12:38:04,0.292,0.558,421.89502
-NZuYJtK6jwn-Z_Vbwmg,2023-07-09T13:08:04,0.303,0.558,421.90601
-NZueBLbcDd3dppg_yyW,2023-07-09T13:38:04,0.314,0.558,421.91901
-NZul2nt7b5CdOVHWpii,2023-07-09T14:08:04,0.325,0.558,421.93103
-NZurvGNG-Io-yzWdaoQ,2023-07-09T14:38:04,0.338,0.558,421.94202
-NZuymin5B6xY-HlVnS4,2023-07-09T15:08:04,0.349,0.558,421.953
-NZv4eApbn9Xm7NsSmet,2023-07-09T15:38:04,0.362,0.558,421.966
-NZvBWdD52r3uBFe46SW,2023-07-09T16:08:04,0.375,0.558,421.97903
-NZvIO5gy5Ru6frnWgn4,2023-07-09T16:38:04,0.387,0.558,421.99002
-NZvPFYq2gIdyfkHJqZK,2023-07-09T17:08:04,0.398,0.558,422.00201
-NZvW70HGJuttQB7eAEp,2023-07-09T17:38:04,0.41,0.558,422.01398
-NZvbzTaJdshcxDN7LcH,2023-07-09T18:08:04,0.422,0.558,422.026
-NZviqv_S2Hbq27ywhcV,2023-07-09T18:38:04,0.433,0.558,422.03699
-NZvpiQAnfWCLJXp0NrD,2023-07-09T19:08:04,0.445,0.558,422.04898
-NZvw_ryGR8KvEiORS9d,2023-07-09T19:38:04,0.456,0.558,422.06
-NZw2SITEv9q_Wfvbu26,2023-07-09T20:08:04,0.468,0.558,422.07202
-NZw9JlPOFqgxrH9KWrK,2023-07-09T20:38:04,0.48,0.558,422.08301
-NZwN2fRl1nhgIQHUJsB,2023-07-09T21:38:04,0.504,0.558,422.10803
-NZwTvSY9FutGvKmcWet,2023-07-09T22:08:04,0.515,0.558,422.12
-NZw_m_nXXTXuhOX-Cbi,2023-07-09T22:38:04,0.526,0.558,422.13098
-NZwge1yg73oXKx1zGlS,2023-07-09T23:08:04,0.538,0.558,422.142
-NZwnWVR-ePTklPZV-br,2023-07-09T23:38:04,0.55,0.558,422.15399
-NZwuNxqZT4Z5BzgGZv2,2023-07-10T00:08:04,0.003,0.558,422.16599
-NZx0FRggr5AXWtMO3gk,2023-07-10T00:38:04,0.014,0.558,422.177
-NZx76sF1QYZFSGr469A,2023-07-10T01:08:04,0.026,0.558,422.18802
-NZxDzKTVf8-gX7Z5lKv,2023-07-10T01:38:04,0.037,0.558,422.19901
-NZxKqmuvZHOF7X-ej1J,2023-07-10T02:08:04,0.049,0.558,422.211
-NZxRiEv7wr6PTtVHhls,2023-07-10T02:38:04,0.062,0.558,422.224
-NZxY_haXTwioYETB9fk,2023-07-10T03:08:04,0.075,0.558,422.237
-NZxeSABFsukHj__alt2,2023-07-10T03:38:04,0.088,0.558,422.25101
-NZxlJbi1Lf72A55oUl-,2023-07-10T04:08:04,0.099,0.558,422.26199
-NZxsB4202jDH733XNeT,2023-07-10T04:38:04,0.111,0.558,422.27304
-NZxz2Y2W7NOkNNAZKAM,2023-07-10T05:08:04,0.122,0.558,422.28403
-NZy4uzm13DN6oia-Zzq,2023-07-10T05:38:04,0.134,0.558,422.29703
-NZyBmSHrCxbNy170Pnx,2023-07-10T06:08:04,0.145,0.558,422.30801
-NZyIdvNnEj7UPMEeka_,2023-07-10T06:38:04,0.157,0.558,422.31903
-NZyPWMGJnkrp1GyMWLR,2023-07-10T07:08:04,0.168,0.558,422.33002
-NZyWNp-UaDdjJB071Er,2023-07-10T07:38:04,0.18,0.558,422.34198
-NZycFH2xUsjnOV74NIq,2023-07-10T08:08:04,0.191,0.558,422.354
-NZyj6jmgpR1sX_88EoR,2023-07-10T08:38:04,0.204,0.558,422.36697
-NZypzC_4t6gIAt56gVQ,2023-07-10T09:08:04,0.216,0.558,422.37802
-NZywqeBjE9D69S9ddx2,2023-07-10T09:38:04,0.227,0.558,422.38901
-NZz2i6vZjyKKxaB-1-N,2023-07-10T10:08:04,0.238,0.558,422.401
-NZz9_ZZG4QtbLwU7XMT,2023-07-10T10:38:04,0.25,0.558,422.41202
-NZzGS1F8AQrK2Lbifw9,2023-07-10T11:08:04,0.262,0.558,422.423
-NZzNJU7ytZ2HAqqbpmU,2023-07-10T11:38:04,0.297,0.558,422.45898
-NZzUAwlRv8NTsD30X01,2023-07-10T12:08:04,0.322,0.558,422.48398
-NZza2OiZtIoljr6AxFC,2023-07-10T12:38:04,0.343,0.558,422.50604
-NZzgur979m5OIpKZ1c8,2023-07-10T13:08:04,0.355,0.558,422.51703
-NZznmJRLR0LfBZrXewB,2023-07-10T13:38:04,0.367,0.558,422.52802
-NZzudn7OylH24cs16g5,2023-07-10T14:08:04,0.379,0.558,422.54099
-N_-0WDzYP9LlbplvHFN,2023-07-10T14:38:04,0.391,0.558,422.552
-N_-7NgKXCwpkBtCRsrM,2023-07-10T15:08:04,0.436,0.558,422.59698
-N_-EF8JvuI7Rhf5w8L_,2023-07-10T15:38:04,0.481,0.558,422.64398
-N_-L6aoEDDvce5D667A,2023-07-10T16:08:04,0.495,0.558,422.65704
-N_-Rz3fl55E-oCwFwsQ,2023-07-10T16:38:04,0.521,0.558,422.68201
-N_-YqWYPgxEp0Pds3Eo,2023-07-10T17:08:04,0.538,0.558,422.70001
-N_-ehyuQ9vwLuM1n--f,2023-07-10T17:38:04,0.554,0.558,422.71698
-N_-l_Z5mfzq4ugVzBuo,2023-07-10T18:08:04,0.57,0.558,422.733
-N_-sRuwiXT_Znm3FhQ5,2023-07-10T18:38:04,0.587,0.558,422.74899
-N_-zJLo_2tVYleOqe4M,2023-07-10T19:08:04,0.602,0.558,422.76398
-N_05AoYyHh2vXznKyvT,2023-07-10T19:38:04,0.616,0.558,422.77896
-N_0IujP4xqrHHEvIWxW,2023-07-10T20:38:04,0.647,0.558,422.80902
-N_0PmAqcOcYsUSyXHfd,2023-07-10T21:08:04,0.662,0.558,422.82401
-N_0WddLRW3hB6lZ3Scm,2023-07-10T21:38:04,0.677,0.558,422.84003
-N_0cW5N3t0iuTNdkRt4,2023-07-10T22:08:04,0.693,0.558,422.85602
-N_0jNYmp6qxNQUkx8wT,2023-07-10T22:38:04,0.709,0.558,422.871
-N_0qF-uTW_a5FHrsfav,2023-07-10T23:08:04,0.723,0.558,422.88596
-N_0x6T4_Q6kMUMkWFEO,2023-07-10T23:38:04,0.739,0.558,422.90201
-N_12ywI-DYDX5LtDh1R,2023-07-11T00:08:04,0.005,0.752,422.91901
